,City,Country,Temperature,Humidity,Cloudiness,Wind Speed,Date
0,Yellowknife,CA,10.4,60,75,14.99,1551304800
1,Lima,PE,80.6,65,40,11.41,1551304800
2,Busselton,AU,66.0,49,76,11.34,1551308445
3,Barrow,AR,57.57,75,76,7.87,1551308542
4,Sangar,RU,-21.5,60,8,0.83,1551308543
5,Tasiilaq,GL,30.2,80,80,16.11,1551304200
6,Sharan,AF,-6.61,44,0,1.61,1551308543
7,Leningradskiy,RU,18.82,82,0,15.26,1551308544
8,Punta Arenas,CL,53.6,81,90,10.29,1551308004
9,Broome,GB,46.4,87,0,3.36,1551308531
10,Khatanga,RU,-9.08,65,48,8.88,1551308544
11,Batagay,RU,-36.31,0,12,2.95,1551308544
12,Sorong,ID,81.6,100,48,8.99,1551308544
13,Rikitea,PF,80.02,100,8,7.2,1551308545
14,Nikolskoye,RU,36.0,80,90,8.95,1551308452
15,Jamestown,AU,76.02,78,0,10.0,1551308546
16,Mareeba,AU,80.01,83,40,12.75,1551308417
17,Narsaq,GL,41.0,41,20,49.44,1551304200
18,Tura,IN,58.47,94,92,3.96,1551308554
19,Sechura,PE,78.72,73,0,9.44,1551308554
20,Provideniya,RU,32.5,94,88,30.13,1551308554
21,Charters Towers,AU,76.38,77,32,10.78,1551308555
22,Mataura,NZ,55.0,63,92,8.99,1551308408
23,Bol,TD,79.17,33,68,12.12,1551308556
24,Butaritari,KI,82.14,100,68,16.82,1551308556
25,Broken Hill,AU,82.4,21,0,12.75,1551304800
26,Cabo San Lucas,MX,79.0,57,75,14.99,1551308416
27,Tyrma,RU,17.34,74,88,2.62,1551308556
28,Port Alfred,ZA,62.01,81,36,3.0,1551308487
29,Husavik,CA,12.99,72,48,5.99,1551308404
30,Okha,RU,7.98,81,0,9.66,1551308557
31,Mar del Plata,AR,62.43,56,44,8.1,1551308557
32,Lompoc,US,57.2,82,90,8.05,1551308438
33,Ushuaia,AR,48.2,81,75,32.21,1551304800
34,Ahipara,NZ,71.01,96,0,18.72,1551304983
35,Hamilton,BM,62.6,51,75,4.7,1551307925
36,Bonfim,BR,80.6,54,40,5.82,1551304800
37,Vaini,IN,53.65,78,0,2.39,1551308559
38,Kaitangata,NZ,55.0,61,88,15.99,1551308481
39,Weligama,LK,74.4,100,80,3.4,1551308560
40,Hambantota,LK,76.42,100,36,5.19,1551308560
41,Hobart,AU,62.6,63,0,8.05,1551308415
42,Tuy Hoa,VN,72.64,97,32,3.18,1551308560
43,Port Hardy,CA,35.6,55,75,4.7,1551304800
44,Atuona,PF,80.97,100,76,5.64,1551308561
45,Tuatapere,NZ,55.0,63,92,8.99,1551308408
46,Kukushtan,RU,21.2,85,75,6.71,1551306600
47,Kamaishi,JP,41.14,89,92,2.17,1551308562
48,Saint-Philippe,CA,9.0,50,90,3.36,1551308527
49,Puerto del Rosario,ES,64.4,77,20,16.11,1551306600
50,Tiksi,RU,-21.23,30,0,6.98,1551308566
51,Castro,CL,60.8,67,8,5.82,1551304800
52,Saint-Georges,CA,3.99,68,32,1.99,1551307614
53,New Norfolk,AU,62.6,63,0,8.05,1551308535
54,Bathsheba,BB,78.8,74,40,16.11,1551304800
55,Ribeira Grande,PT,60.8,93,75,11.41,1551304800
56,Cape Town,ZA,66.0,72,75,5.82,1551308167
57,Beringovskiy,RU,28.27,96,48,9.55,1551308567
58,Egvekinot,RU,23.01,86,80,5.08,1551308567
59,Hermanus,ZA,66.0,72,20,1.99,1551308463
60,Deqing,CN,48.0,87,75,4.47,1551308424
61,Chokurdakh,RU,-9.94,68,68,14.25,1551308573
62,Iqaluit,CA,-4.01,70,20,20.8,1551308574
63,Coos Bay,US,46.0,56,20,10.29,1551308446
64,Tacuati,PY,73.77,91,68,2.62,1551308577
65,Ashland,US,64.4,64,40,8.05,1551306900
66,Lata,IN,23.32,100,20,2.28,1551308577
67,Thompson,CA,14.0,85,75,6.93,1551307980
68,Albany,US,17.01,78,90,6.93,1551308345
69,Bluff,AU,80.07,44,48,13.13,1551308579
70,Bambous Virieux,MU,81.0,83,40,8.05,1551308340
71,Aksay,RU,35.01,85,0,4.47,1551308413
72,Mahebourg,MU,81.0,83,40,8.05,1551308340
73,Nome,US,69.8,88,90,5.82,1551308536
74,Ostrovnoy,RU,18.64,88,76,9.33,1551308580
75,Puerto Ayora,EC,87.8,62,20,9.17,1551304800
76,Matay,EG,48.39,60,0,9.66,1551308581
77,Moron,VE,68.14,89,68,3.06,1551308581
78,Huarmey,PE,74.35,61,0,3.62,1551308582
79,Zhigansk,RU,-9.13,66,48,5.08,1551308582
80,Avarua,CK,84.2,74,8,12.75,1551306600
81,Praia,BR,80.6,54,40,5.82,1551304800
82,Sept-Iles,CA,6.8,50,75,16.11,1551304800
83,Samarai,PG,81.69,100,76,10.78,1551308583
84,Acapulco,MX,84.2,66,5,13.87,1551303720
85,Deputatskiy,RU,-24.11,66,64,2.95,1551308584
86,Mandalgovi,MN,2.76,64,0,3.06,1551308588
87,Kunda,EE,32.19,87,32,9.66,1551308588
88,Awjilah,LY,49.2,87,36,9.22,1551308588
89,Constitucion,MX,81.0,7,90,3.18,1551308416
90,Kruisfontein,ZA,62.7,77,0,15.14,1551308396
91,Northam,GB,51.01,100,24,2.24,1551308530
92,Kelvington,CA,13.02,83,68,15.82,1551308589
93,Maniitsoq,GL,17.7,70,8,12.46,1551308589
94,Marsh Harbour,BS,75.97,99,92,15.82,1551308536
95,Dandong,CN,28.09,65,0,2.39,1551308590
96,Kabelvag,NO,34.0,71,48,8.99,1551308418
97,Roald,NO,41.0,80,92,9.17,1551308504
98,Nassau,DE,44.01,75,0,10.29,1551308029
99,Cap Malheureux,MU,81.0,83,40,8.05,1551308340
100,Vestmannaeyjar,IS,38.76,97,44,13.24,1551308394
101,Bethel,US,39.2,80,1,21.92,1551304560
102,Palmer,AU,89.01,39,0,5.82,1551308548
103,Norman Wells,CA,23.0,67,40,10.29,1551304800
104,Georgetown,GY,82.4,78,75,16.11,1551304800
105,Butembo,CD,58.38,91,0,3.18,1551308593
106,Komsomolskiy,RU,-2.29,46,48,14.14,1551308295
107,Adrar,DZ,48.2,42,0,6.93,1551304800
108,Port Elizabeth,US,37.4,69,90,10.29,1551308591
109,Hasaki,JP,45.0,93,75,5.82,1551307775
110,Mashhad,IR,46.4,70,40,16.11,1551306600
111,Tucumcari,US,43.0,41,1,10.29,1551308417
112,Port Moresby,PG,82.4,74,20,4.7,1551304800
113,Kaeo,NZ,71.01,65,0,10.0,1551308584
114,Talnakh,RU,-24.7,35,20,5.64,1551308598
115,Fairbanks,US,26.01,84,1,3.29,1551308407
116,Vostok,RU,22.69,73,20,2.17,1551308599
117,Los Llanos de Aridane,ES,64.4,63,12,10.29,1551307509
118,Cayenne,GF,78.8,74,92,6.93,1551306600
119,Kapaa,US,75.2,47,90,20.8,1551308600
120,Lorengau,PG,80.25,100,88,5.08,1551308603
121,Maunabo,PR,77.0,78,75,14.99,1551308566
122,Zhangjiakou,CN,13.69,71,0,2.39,1551308604
123,Campoverde,IT,53.01,85,0,5.82,1551308584
124,Killin,US,69.8,64,75,2.39,1551308590
125,Neath,GB,48.0,87,12,5.82,1551308600
126,Touros,BR,80.6,83,20,4.7,1551304800
127,Qaanaaq,GL,-20.29,86,0,2.95,1551308568
128,Leiyang,CN,43.35,100,92,5.75,1551308605
129,Salalah,OM,75.2,69,0,4.7,1551304200
130,Biak,ID,78.85,99,92,2.62,1551308606
131,Villamontes,BO,67.11,85,92,2.51,1551308606
132,Caravelas,BR,83.58,100,80,17.05,1551308607
133,Abnub,EG,53.6,54,0,9.17,1551304800
134,Faya,SA,66.2,48,0,11.41,1551304800
135,Calabasas,US,64.4,63,75,11.41,1551308337
136,Nova Londrina,BR,69.63,98,92,4.97,1551308570
137,Kaohsiung,TW,73.4,73,75,5.82,1551308116
138,Souillac,FR,54.0,76,0,11.41,1551308589
139,Forrest City,US,62.6,72,88,3.18,1551308492
140,Solano,PH,64.72,83,36,3.18,1551308609
141,Searcy,US,64.4,63,1,8.05,1551308591
142,Puerto Carreno,CO,96.8,37,20,4.7,1551304800
143,Lagoa,PT,55.99,87,0,6.93,1551308531
144,East London,ZA,69.09,100,8,13.91,1551308572
145,Clyde River,CA,-18.41,82,5,14.99,1551304800
146,Kuandian,CN,23.28,62,0,2.39,1551308612
147,Paamiut,GL,35.43,77,64,9.1,1551308612
148,Hay River,CA,17.6,57,20,12.75,1551304800
149,San Cristobal,EC,64.4,72,75,13.87,1551308461
150,Hakodate,JP,30.2,74,75,6.93,1551304800
151,Lakes Entrance,AU,82.99,44,0,5.99,1551308407
152,Luderitz,NA,62.34,73,0,20.4,1551308614
153,Ancud,CL,60.8,67,0,5.82,1551304800
154,Bredy,RU,-0.98,64,20,7.43,1551308615
155,Fortuna,ES,54.0,76,0,3.36,1551308615
156,Axim,GH,82.99,98,76,10.89,1551308615
157,Mandera,ET,80.01,21,0,4.0,1551308427
158,Prince Rupert,CA,51.8,25,1,4.7,1551304800
159,Sioux Lookout,CA,12.2,60,90,17.22,1551307740
160,Mayumba,GA,80.2,97,64,5.64,1551308616
161,Coquimbo,CL,66.2,72,0,11.41,1551304800
162,Maceio,BR,80.6,78,20,9.17,1551304800
163,Bure,NG,77.05,57,92,2.62,1551308617
164,Saskylakh,RU,-19.7,55,64,3.18,1551308618
165,Richards Bay,ZA,70.35,100,92,2.95,1551308618
166,Itarema,BR,77.37,95,92,1.39,1551308618
167,Cidreira,BR,67.74,91,68,8.1,1551308619
168,Buraydah,SA,60.8,55,75,4.7,1551304800
169,Fougeres,FR,53.01,81,0,9.17,1551308525
170,Kavieng,PG,80.02,100,80,6.53,1551308619
171,Hilo,US,73.0,68,90,13.87,1551308609
172,Lasa,CY,57.2,62,40,16.11,1551306600
173,Pedernales,EC,78.45,76,48,6.08,1551308620
174,Pacific Grove,US,66.99,55,20,9.17,1551308603
175,Ponta do Sol,BR,69.04,93,44,1.5,1551308620
176,Bordighera,IT,51.01,81,20,8.05,1551308592
177,Bredasdorp,ZA,66.2,63,80,13.87,1551307501
178,Dunedin,NZ,55.99,53,48,8.01,1551308139
179,Chenghai,CN,62.6,100,64,12.24,1551304800
180,Sokolo,ML,59.14,28,0,12.91,1551308622
181,Arraial do Cabo,BR,82.4,74,75,3.36,1551304800
182,Nagato,JP,48.2,100,90,1.12,1551308186
183,Matagami,NG,66.25,98,88,5.08,1551308623
184,Cairns,AU,80.01,83,40,12.75,1551307875
185,Barabinsk,RU,14.55,81,56,9.66,1551308623
186,Borba,PT,41.01,80,0,3.51,1551308623
187,Tuktoyaktuk,CA,-0.41,77,20,13.87,1551304800
188,Clearlake,US,59.0,76,90,13.87,1551308328
189,Chuy,UY,61.17,83,0,5.19,1551308624
190,Victoria,BN,75.2,94,75,8.43,1551306600
191,Douglas,US,69.8,13,1,6.98,1551308579
192,Florence,US,71.6,40,40,3.36,1551308575
193,Klaksvik,FO,35.6,93,0,10.29,1551306000
194,Kahului,US,79.0,47,40,14.99,1551308163
195,Tikhvin,RU,32.0,91,88,3.0,1551308440
196,Khash,IR,49.38,60,0,17.83,1551308626
197,Sampit,ID,77.01,96,64,4.74,1551308626
198,Nanortalik,GL,34.89,91,48,52.28,1551308626
199,Upernavik,GL,5.19,100,0,22.3,1551308627
200,Balfour,CA,30.0,46,80,1.01,1551306790
201,Atikokan,CA,6.99,59,24,7.54,1551308627
202,Hirara,JP,71.6,94,75,5.82,1551304800
203,Dingle,PH,76.65,71,0,11.45,1551308628
204,Mahibadhoo,MV,81.42,100,12,4.18,1551308628
205,Banda Aceh,ID,74.67,100,56,2.73,1551308628
206,Kabo,CF,77.05,57,24,4.41,1551308629
207,Lavrentiya,RU,31.47,96,92,39.86,1551308632
208,Xining,CN,15.0,90,68,2.17,1551308439
209,Neuquen,AR,80.6,26,0,2.24,1551304800
210,Longyearbyen,NO,3.2,65,75,11.41,1551304200
211,Shetpe,KZ,27.55,91,88,2.84,1551308633
212,La Rioja,AR,70.8,73,8,0.49,1551308633
213,Migori,KE,67.92,87,36,7.31,1551308633
214,Mitchell,US,8.6,60,1,9.17,1551308405
215,Sao Joao da Barra,BR,82.4,74,0,16.11,1551304800
216,Balung,ID,78.09,100,68,2.06,1551308634
217,Flin Flon,CA,19.4,67,75,14.99,1551307320
218,Escanaba,US,19.99,92,90,2.39,1551308399
219,Pevek,RU,11.4,75,0,21.3,1551308634
220,Kushima,JP,57.2,100,75,8.05,1551308597
221,Rome,IT,53.01,64,0,4.7,1551308463
222,Yar-Sale,RU,3.03,82,48,20.62,1551308636
223,Redlands,US,68.0,45,1,8.05,1551308406
224,Katsuura,JP,46.4,87,90,9.17,1551307340
225,Mae Ramat,TH,67.47,89,0,2.06,1551308636
226,Bull Savanna,JM,76.38,61,20,6.64,1551308637
227,Aksu,KZ,19.4,92,90,4.85,1551306600
228,Lebu,ET,62.6,33,0,6.93,1551304800
229,Kodiak,US,21.99,34,1,12.75,1551308617
230,Belaya Gora,RU,-11.65,56,68,4.18,1551308638
231,Kailua,US,75.2,78,40,17.22,1551308597
232,Baia de Arama,RO,33.01,64,0,1.99,1551308415
233,Geraldton,CA,12.2,51,40,9.17,1551304800
234,Hithadhoo,MV,81.55,100,68,9.22,1551308640
235,Rawson,AR,63.42,45,0,10.78,1551308489
236,Rendsburg,DE,46.0,80,0,6.93,1551308580
237,Beloha,MG,71.16,90,12,1.95,1551308640
238,Balabac,PH,79.57,99,0,13.24,1551308641
239,Bo Rai,TH,86.0,90,0,2.73,1551308598
240,Eching,DE,43.0,75,0,3.36,1551308619
241,Ranipur,IN,52.71,93,0,5.64,1551308644
242,Nuuk,GL,11.22,100,24,8.43,1551308645
243,Erenhot,CN,14.46,69,64,3.4,1551308645
244,Dikson,RU,-0.4,95,48,34.83,1551308646
245,Ponta Pora,BR,71.6,94,90,2.95,1551304800
246,Aklavik,CA,17.6,85,5,4.7,1551304800
247,Micheweni,TZ,82.68,100,64,10.67,1551308646
248,Fort-Shevchenko,KZ,31.2,100,68,4.52,1551308646
249,Makakilo City,US,75.2,53,75,10.29,1551308185
250,Keti Bandar,PK,69.81,98,0,4.97,1551308647
251,Panguna,PG,81.19,82,100,4.29,1551308647
252,Turukhansk,RU,-11.83,74,12,3.29,1551308647
253,Sterling,US,39.99,64,75,8.05,1551308494
254,Vilhena,BR,71.6,94,75,2.24,1551304800
255,Grand Gaube,MU,81.0,83,40,8.05,1551308641
256,Marawi,PH,68.0,79,0,8.99,1551308403
257,Ambovombe,MG,74.17,99,8,5.19,1551308649
258,Malanje,AO,66.48,97,76,2.62,1551308649
259,Amapa,HN,86.0,55,20,14.99,1551304800
260,Mount Isa,AU,82.4,45,0,9.17,1551306600
261,Comodoro Rivadavia,AR,68.0,37,0,8.05,1551304800
262,Shimoda,JP,50.0,76,75,3.36,1551308411
263,Sivas,TR,19.4,92,75,12.75,1551304200
264,Kavaratti,IN,82.5,100,8,13.35,1551308660
265,Cascais,PT,57.0,76,20,11.41,1551308629
266,Sangre Grande,TT,78.01,88,75,16.11,1551308443
267,Opuwo,NA,64.72,78,48,1.95,1551308661
268,Manacor,ES,57.99,100,40,2.24,1551308095
269,Sinnamary,GF,79.8,92,92,13.35,1551308661
270,Nouadhibou,MR,69.8,43,0,6.93,1551304800
271,Lumsden,CA,17.01,66,20,21.92,1551308575
272,Ilulissat,GL,26.6,45,5,17.22,1551304200
273,Morgan City,US,70.0,100,90,3.36,1551308606
274,Ola,RU,2.89,100,56,9.44,1551308470
275,Nacozari,MX,81.0,36,20,7.43,1551308416
276,Necochea,AR,60.01,67,80,5.99,1551308186
277,Mangrol,IN,43.71,88,0,2.73,1551308663
278,Antonina,BR,66.0,100,90,6.93,1551308384
279,Ouadda,CF,68.28,97,92,4.97,1551308663
280,Saldanha,PT,34.84,80,8,2.28,1551308663
281,San Patricio,PY,71.25,54,36,5.41,1551308664
282,Ruteng,ID,76.74,94,0,3.51,1551308664
283,Dyurtyuli,RU,17.79,88,88,10.45,1551308664
284,Rundu,NA,73.23,54,44,3.29,1551308664
285,Soyo,AO,77.14,96,80,2.17,1551308665
286,Villa Carlos Paz,AR,77.0,61,20,9.17,1551304800
287,Muisne,EC,84.2,83,40,4.7,1551304800
288,Newport,GB,50.0,70,0,4.7,1551308646
289,Remontnoye,RU,30.2,100,88,6.71,1551306600
290,Ongandjera,NA,77.14,49,92,8.66,1551308666
291,Tautira,PF,87.8,66,75,5.82,1551308594
292,Berlevag,NO,23.0,62,75,21.92,1551304200
293,Russell,AR,86.0,20,0,9.17,1551304800
294,Balkhash,KZ,30.52,96,92,11.56,1551308667
295,Labuhan,ID,77.73,88,48,1.95,1551308668
296,Henties Bay,NA,64.99,80,0,1.01,1551308529
297,Severo-Kurilsk,RU,26.16,100,68,21.97,1551308668
298,Mount Gambier,AU,66.2,93,40,3.36,1551306840
299,Torbay,CA,24.01,85,75,28.86,1551308609
300,Funadhoo,MV,80.79,100,20,4.52,1551308669
301,Jinchang,CN,-3.82,40,12,2.39,1551308669
302,Saint-Joseph,FR,50.0,93,90,2.24,1551308484
303,Esperance,TT,78.01,88,75,16.11,1551308443
304,Sunrise Manor,US,71.6,19,1,20.8,1551308424
305,Stargard Szczecinski,PL,43.0,64,0,2.24,1551308277
306,Winnemucca,US,54.0,54,44,1.99,1551308473
307,Maldonado,UY,71.6,37,0,5.82,1551304800
308,Cherskiy,RU,-0.35,74,80,6.98,1551308671
309,Oistins,BB,78.8,74,40,16.11,1551304800
310,Qasigiannguit,GL,26.6,45,5,17.22,1551304200
311,Tilichiki,RU,4.56,75,68,3.74,1551308671
312,Tipaturu,IN,56.49,83,0,2.73,1551308671
313,Blackwater,GB,51.01,100,0,1.12,1551308671
314,Chernyshevskiy,RU,9.78,79,64,4.63,1551308672
315,Launceston,AU,64.99,72,92,6.93,1551308468
316,Fokino,RU,25.08,89,68,11.68,1551308673
317,Sibolga,ID,69.63,99,88,2.17,1551308673
318,Tiznit,MA,52.44,89,0,4.52,1551308673
319,Dryden,CA,8.6,60,90,17.22,1551307740
320,Cravo Norte,CO,90.15,35,0,8.55,1551308673
321,Moose Factory,CA,14.0,51,1,8.05,1551304800
322,Kayes,ML,68.05,27,0,12.8,1551308674
323,Santa Cruz,US,63.0,67,90,9.17,1551308651
324,Norfolk,US,46.99,81,90,4.74,1551308498
325,Orumiyeh,IR,37.4,69,20,2.24,1551304800
326,Sungairaya,ID,75.34,99,68,3.85,1551308574
327,Galesong,ID,75.2,100,20,4.7,1551303000
328,Bambanglipuro,ID,73.99,98,24,3.29,1551308677
329,Westport,IE,43.0,92,24,3.0,1551308583
330,Ridgecrest,US,71.6,28,40,20.8,1551308389
331,Gravdal,NO,42.8,87,88,14.99,1551308642
332,Eyl,SO,70.12,100,20,3.96,1551308678
333,Srednekolymsk,RU,-10.21,69,76,4.97,1551308678
334,Biltine,TD,79.08,32,36,9.22,1551308678
335,Green River,US,37.99,100,90,10.29,1551308471
336,Abu Samrah,SY,48.03,97,92,16.26,1551308679
337,Port Blair,IN,82.59,100,0,10.22,1551308542
338,Sosva,RU,9.06,83,76,5.64,1551308679
339,Jambi,ID,74.62,98,88,3.85,1551308519
340,Dullewala,PK,39.93,80,0,3.51,1551308680
341,Yumen,CN,10.05,56,0,4.18,1551308680
342,Upata,VE,82.0,67,48,5.99,1551307521
343,Port Lincoln,AU,71.97,89,12,6.98,1551308681
344,Carnarvon,ZA,54.1,42,0,5.19,1551308681
345,Shache,CN,37.0,76,0,3.06,1551308440
346,Ucluelet,CA,41.0,41,90,5.82,1551308477
347,Dolores,UY,67.92,53,0,10.22,1551308682
348,Roebourne,AU,80.74,86,36,5.64,1551308682
349,Burnie,AU,68.0,71,88,11.01,1551308644
350,Devils Lake,US,6.8,77,20,10.29,1551306900
351,Vestmanna,FO,35.6,93,0,10.29,1551306000
352,Matara,PE,46.41,93,92,2.17,1551308683
353,Khani,GE,39.2,100,90,4.7,1551306600
354,Taoudenni,ML,53.79,28,0,12.35,1551308684
355,Coahuayana,MX,84.97,25,0,2.62,1551308684
356,Sisimiut,GL,-5.26,53,0,5.41,1551308684
357,Mahina,ML,71.02,28,76,13.24,1551308684
358,Port Shepstone,ZA,70.89,93,92,1.16,1551308684
359,Cockburn Town,TC,77.37,99,0,21.74,1551308661
360,Codrington,AU,77.0,83,40,5.82,1551308502
361,Teya,MX,95.0,28,75,11.41,1551308450
362,Sao Filipe,CV,72.78,86,0,16.49,1551308685
363,Pierre,US,14.0,60,1,8.05,1551308614
364,The Valley,AI,78.8,65,40,13.87,1551308556
365,Puerto Baquerizo Moreno,EC,80.6,83,75,3.36,1551304800
366,Rongcheng,CN,33.49,85,24,4.07,1551308686
367,Rumoi,JP,19.4,73,75,12.75,1551304800
368,Adeje,NG,77.05,95,80,2.84,1551308687
369,Grindavik,IS,41.0,86,75,21.92,1551306660
370,Vanavara,RU,18.69,92,80,4.63,1551308687
371,Nuqui,CO,86.0,70,75,5.82,1551304800
372,Boulder,US,36.0,74,90,4.7,1551308611
373,Merauke,ID,82.0,99,64,7.99,1551308545
374,Griffith,AU,82.0,44,36,17.22,1551308416
375,Horodyshche,UA,32.0,86,0,6.71,1551306600
376,Wasilla,US,30.2,58,1,2.62,1551308615
377,Sugar Hill,US,68.0,72,90,6.93,1551308619
378,Barabai,ID,76.87,93,88,1.83,1551308689
379,Takoradi,GH,82.77,97,88,8.21,1551308689
380,Umm Lajj,SA,61.3,100,76,6.2,1551308689
381,Ketchikan,US,51.8,60,1,16.11,1551304560
382,Bilibino,RU,-6.38,68,64,2.73,1551308690
383,Rocha,UY,57.03,64,0,5.64,1551308690
384,Aswan,EG,52.75,70,36,5.41,1551308690
385,Sao Miguel do Araguaia,BR,77.59,86,32,4.41,1551308437
386,Sinop,TR,40.65,100,88,12.24,1551308690
387,Poum,MK,16.12,78,0,0.94,1551308691
388,Nicoya,CR,91.4,41,0,21.92,1551308478
389,Itupiranga,BR,78.8,94,20,1.12,1551304800
390,Poronaysk,RU,25.08,68,0,5.3,1551308691
391,Fukue,JP,48.0,87,75,8.05,1551308482
392,Storforshei,NO,37.4,86,75,10.29,1551306000
393,Tucuman,PE,62.61,83,48,2.95,1551308692
394,Sarakhs,TM,57.2,41,92,6.93,1551304800
395,Taos,US,46.4,30,0,16.11,1551306900
396,Valcourt,CA,9.0,46,90,2.17,1551308530
397,Edson,CA,26.6,63,40,14.99,1551304800
398,Jumla,NP,12.21,84,32,1.95,1551308693
399,Puerto Madryn,AR,64.23,72,0,5.97,1551308693
400,Pecanha,BR,74.62,73,56,3.4,1551308693
401,Hovd,NO,42.01,86,75,31.09,1551308672
402,Sunbury,US,36.0,47,90,8.05,1551308690
403,San Andres,PH,78.04,100,0,12.46,1551308694
404,Saint-Augustin,FR,55.4,87,0,9.17,1551308589
405,Namibe,AO,77.55,100,24,2.17,1551308695
406,Jose Bonifacio,BR,77.0,78,75,8.05,1551304800
407,Coihaique,CL,66.2,45,0,4.7,1551304800
408,Inuvik,CA,17.6,61,5,9.17,1551304800
409,Walvis Bay,NA,64.99,68,0,4.7,1551304929
410,Guerrero Negro,MX,63.64,60,0,13.8,1551308696
411,Isangel,VU,79.89,100,88,19.62,1551308696
412,Grand-Lahou,CI,77.55,93,8,5.75,1551308696
413,Faanui,PF,83.94,98,76,11.12,1551308697
414,Doka,SD,78.9,45,8,12.8,1551308697
415,Baykit,RU,15.4,84,64,3.74,1551308697
416,Sompeta,IN,66.7,97,12,1.61,1551308697
417,Dzhebariki-Khaya,RU,-18.76,52,20,2.62,1551308698
418,Pitimbu,BR,80.6,83,0,8.05,1551304800
419,At-Bashi,KG,-7.1,78,0,2.28,1551308698
420,Riyadh,SA,75.2,41,75,6.93,1551304800
421,Elbrus,RU,6.72,94,68,1.61,1551308698
422,Aksarka,RU,5.46,81,68,16.93,1551308699
423,Bontang,ID,82.0,92,0,12.8,1551308699
424,Bondowoso,ID,78.27,86,0,3.4,1551308469
425,Naze,NG,71.47,97,64,1.5,1551308699
426,Havoysund,NO,21.2,73,40,23.04,1551306000
427,Kahone,SN,69.22,16,0,10.78,1551308700
428,Zhiryatino,RU,26.52,93,88,12.24,1551308700
429,Bereda,ES,51.01,87,0,5.82,1551308638
430,Natal,BR,82.4,74,20,9.17,1551304800
431,Boueni,YT,82.4,83,90,11.41,1551306600
432,Correntina,BR,70.8,95,36,1.61,1551308702
433,Buxtehude,DE,46.99,81,0,4.7,1551308636
434,Bundaberg,AU,81.0,60,90,13.87,1551308409
435,Half Moon Bay,US,63.0,67,75,11.41,1551308699
436,Sitka,US,19.0,66,12,10.0,1551308477
437,Kearney,US,14.0,61,1,9.17,1551308536
438,Parrita,CR,78.8,56,75,19.46,1551308529
439,Port Macquarie,AU,75.0,82,90,5.82,1551308404
440,Vao,EE,32.19,87,32,9.66,1551308705
441,East Wenatchee Bench,US,32.0,68,90,16.11,1551308555
442,Carballo,ES,54.0,93,75,4.7,1551308704
443,Chillan,CL,87.8,20,0,5.82,1551307876
444,Korhogo,CI,74.17,27,20,11.34,1551308706
445,Khartoum,SD,82.4,22,0,14.99,1551306600
446,Doha,QA,69.8,60,0,6.93,1551306600
447,Byron Bay,AU,71.01,88,75,11.41,1551308502
448,Cuamba,MZ,71.2,80,32,2.73,1551308706
449,Vardo,US,39.99,71,75,8.05,1551308443
450,Ibra,OM,51.54,87,0,0.6,1551308707
451,Bondo,CD,73.0,95,76,2.17,1551308708
452,Khandyga,RU,-18.76,52,20,2.62,1551308708
453,Tomatlan,MX,79.26,69,0,4.41,1551308569
454,Providencia,CO,69.8,77,40,8.05,1551304800
455,Urubicha,BO,70.89,89,56,2.06,1551308710
456,Uruzgan,AF,1.41,58,44,2.17,1551308711
457,Jalu,LY,47.85,87,0,8.77,1551308613
458,Ambon,FR,52.0,87,0,10.29,1551308671
459,Chumikan,RU,15.04,59,0,9.1,1551308712
460,Cooma,AU,62.6,77,32,11.41,1551304800
461,Dingzhou,CN,33.8,59,0,2.24,1551304800
462,Boyolangu,ID,73.45,96,0,3.96,1551308713
463,Cape Canaveral,US,73.4,78,1,4.7,1551308457
464,Porto Belo,BR,70.0,88,75,3.36,1551308704
465,Suoyarvi,RU,32.46,95,92,6.2,1551308714
466,Upington,ZA,69.8,19,0,5.82,1551304800
467,Assiniboia,CA,12.57,78,0,12.8,1551308714
468,Sistranda,NO,42.01,80,75,23.04,1551308349
469,Mikuni,JP,41.0,93,90,3.36,1551304800
470,Vila Velha,BR,81.0,78,40,3.36,1551308602
471,Ust-Omchug,RU,-4.4,58,48,2.73,1551308715
472,Lincoln,GB,48.2,93,0,2.24,1551308702
473,Chimbote,PE,74.17,82,0,5.41,1551308719
474,Udachnyy,RU,6.54,74,68,4.18,1551308719
475,Marsa Matruh,EG,51.99,71,48,17.27,1551308719
476,Kilindoni,TZ,82.9,100,48,7.76,1551308720
477,Nakhon Thai,TH,66.07,97,0,2.39,1551308720
478,Tessalit,ML,53.74,22,20,13.47,1551308720
479,Ziro,IN,42.72,99,92,1.16,1551308720
480,Mehamn,NO,23.0,57,40,21.92,1551304200
481,Sorland,NO,38.35,100,80,27.22,1551308721
482,Severomuysk,RU,0.78,86,32,1.95,1551308721
483,Saint Simons,US,68.0,77,90,4.18,1551308578
484,Chapais,CA,5.0,60,1,6.93,1551304800
485,Devrek,TR,36.78,100,92,4.97,1551308722
486,Koumac,NC,81.33,74,0,9.44,1551308722
487,Jackson,US,68.0,55,90,4.7,1551308100
488,Brigantine,US,35.6,84,90,4.7,1551308714
489,Rio Grande,BR,71.6,64,0,3.36,1551303900
490,Noumea,NC,77.0,69,75,20.8,1551306600
491,Kotra,IN,52.84,94,0,5.75,1551308723
492,Ambam,NG,66.25,98,88,5.08,1551308723
493,Luoyang,CN,29.49,77,0,2.39,1551308723
494,Sonqor,IR,44.6,84,75,6.93,1551306600
495,Kalabo,ZM,72.96,57,32,4.52,1551308724
496,Baghdad,IQ,55.4,87,75,2.24,1551304800
497,Yuanping,CN,19.59,73,0,2.17,1551308724
498,Ercis,TR,36.0,74,75,6.93,1551304200
499,Luganville,VU,80.29,100,80,15.14,1551308725
500,Sault Sainte Marie,CA,15.8,72,90,2.28,1551308160
501,Khorixas,NA,68.59,43,0,3.18,1551308725
502,Beya,RU,15.04,73,88,2.39,1551308726
503,Ozernovskiy,RU,23.46,84,76,18.5,1551308726
504,Padang,ID,77.0,100,40,1.12,1551304800
505,Verrettes,HT,86.0,51,40,8.05,1551304800
506,Antofagasta,CL,73.4,60,20,11.41,1551304800
507,Kaduqli,SD,78.54,25,68,10.11,1551308727
508,Kirkland Lake,CA,6.8,71,75,8.05,1551304800
509,Manadhoo,MV,80.79,100,20,4.52,1551308728
510,Flinders,AU,80.01,73,75,5.82,1551308721
511,Llangefni,GB,46.99,93,0,2.24,1551308719
512,Koslan,RU,8.02,71,68,5.3,1551308729
513,Ryotsu,JP,39.2,100,75,2.24,1551304800
514,Tabuk,PH,63.19,88,0,2.17,1551308729
515,Anadyr,RU,26.6,92,75,13.42,1551308599
516,Hokitika,NZ,60.54,84,0,3.62,1551308730
517,Shymkent,KZ,46.4,49,0,15.66,1551306600
518,Ulladulla,AU,75.0,73,75,5.82,1551308500
519,Tarpon Springs,US,71.6,94,75,4.85,1551308451
520,Ojinaga,US,80.6,10,1,3.36,1551308434
521,Sayyan,YE,43.71,82,0,1.39,1551308731
522,Maharajganj,IN,59.14,94,92,5.19,1551308731
523,Barkot,IN,33.63,92,24,2.06,1551308731
524,Makhachkala,RU,39.2,86,75,8.95,1551306600
525,Weihe,CN,35.65,98,92,2.06,1551308732
526,Ngozi,BI,56.04,91,36,2.84,1551308732
527,Mwinilunga,ZM,66.57,78,24,1.83,1551308732
528,Vila Franca do Campo,PT,60.8,100,75,13.87,1551308714
529,Guider,CM,75.21,50,36,5.64,1551308733
530,Pangnirtung,CA,6.8,38,5,6.93,1551304800
531,Waingapu,ID,79.57,93,12,3.62,1551308733
